and,the,to,author
0.33547618214663505,0.6191703547850524,0.7099885935475795,"Panus, Stephanie"
0.7348963989306064,0.6781793883913215,0.0,"Panus, Stephanie"
0.1328942596983487,0.9811031638646398,0.1406260914411741,"Panus, Stephanie"
0.0,0.0,0.0,David Fransen
0.0,0.0,0.0,"Conwell, Wendy"
0.6189174352435398,0.7139391489551702,0.32746312760481283,"Panus, Stephanie"
0.0,0.0,0.0,"Panus, Stephanie"
0.0,0.0,0.0,"Panus, Stephanie"
0.0,0.0,0.0,Exchange Information
